,in_degree,out_degree,in_strength,out_strength,pagerank,betweenness,participation_coeff
in_degree,1.0,0.24348530076207703,0.8877222159140342,0.2582553996898952,0.5513862823564093,0.4920411176993672,0.4928502679828681
out_degree,0.24348530076207703,1.0,0.3379617239845563,0.9935164502919386,0.3769510917933279,0.4993988653903092,0.3326573137193364
in_strength,0.8877222159140342,0.3379617239845563,1.0,0.36869904430208317,0.6105301030325213,0.43799195203910013,0.4136264920087342
out_strength,0.2582553996898952,0.9935164502919386,0.36869904430208317,1.0,0.39847660164702375,0.497263113964558,0.3264309731591251
pagerank,0.5513862823564093,0.3769510917933279,0.6105301030325213,0.39847660164702375,1.0,0.2583408390314372,0.14415323348091955
betweenness,0.4920411176993672,0.4993988653903092,0.43799195203910013,0.497263113964558,0.2583408390314372,1.0,0.658586189306674
participation_coeff,0.4928502679828681,0.3326573137193364,0.4136264920087342,0.3264309731591251,0.14415323348091955,0.658586189306674,1.0
